{"_runtime":1836.844330914,"epoch":0,"_timestamp":1.7705727514956858e+09,"train_loss":3.775777816772461,"_step":6050,"_wandb":{"runtime":1836}}