{"_timestamp":1.7706307700104418e+09,"train_loss":4.903667449951172,"_wandb":{"runtime":1846},"_runtime":1846.776027669,"_step":6050,"epoch":0}