{"_step":6050,"epoch":0,"_timestamp":1.77056979392155e+09,"_wandb":{"runtime":1842},"_runtime":1842.031388576,"train_loss":5.249611854553223}