{"_timestamp":1.7706344254321632e+09,"train_loss":4.753305435180664,"_wandb":{"runtime":1843},"_runtime":1843.081480818,"_step":6050,"epoch":0}