{"_timestamp":1.770657649982896e+09,"_step":1530,"_wandb":{"runtime":1646},"_runtime":1646.867076887,"train_loss":5.329751491546631,"epoch":0}