{"_runtime":1821.82881653,"_wandb":{"runtime":1821},"_timestamp":1.770636984350799e+09,"train_loss":5.408594131469727,"_step":6050,"epoch":0}